Fecha,Canal,Subcriptores,Título,Link,Visualizaciones,Duración,Antiguedad,Antiguedad en dias,Cantidad de Visualizaciones x día,Conclusiones,Backstage,Sponsors
09/03/2026,Locos X el asado,2850000,Provoleta Argentina: La receta perfecta | Locos X el Asado,https://www.youtube.com/watch?v=fYafRJbeUDM,644000,21:37,1 año,365,"1764,38","Buen Ritmo, efectos de edición, captura muy bien los sonidos y la visual del producto, deja muy en claro la calidad a un target de publico muy argentino",Equipo de dirección y edición,Quesos Santa Rosa
11/03/2026,Recorrida Gastronimica,17900,Promociona Carlos Kenn y Parrilla los Girasoles,https://www.youtube.com/shorts/7fAxzfpBs9g,62000,1:25,5 Meses,150,"413,33","Formato Reel, Directo a vender el producto, Escenas muy dinamicas, no da vueltas no es reiterativo. Problemas con subtitulos, muy veloz la visualización de subtitulos, dificultad para personas con problemas auditivos, subtitulos inferiores invadidos, abre debate a comentarios","Formato vertical, filmación unipersonal con celu, voz en off",Pariila los Girsoles en Carlos Keen
11/03/2026,Antonio Off-Grid,315000,"
Hot Tent Camping by the River - Catch & Cook",https://www.youtube.com/watch?v=eV3x4E-hp5w,6000000,17:37,18 Meses,540,"11111,11","Idioma universal, no habla, la comunicación es gráfica, difunde a la comunidad mundial sin segmentar. El exito comercial es la cantidad de vializaciones y monetización del video","Filmación con varias camaras y algún tripode, y usa un drone.",No se encontro sponsors
16/03/2026,Locos X el asado,2850000,3 recetas de Hamburguesa que van a dar que hablar ¿Cuál será mejor?,https://www.youtube.com/watch?v=yXLyoGbVHms,307000,15:24,1 año,360,"852,78","Desde lo visual hace sentir el gusto. Buen ritmo y humor,  dudosa higiene, buscaron monetizar con la visualización del video y sponsors secundarios, no produce un proceso de conversión tan claro como el video de provoletas.",Equipo de dirección y edición,"Sponsors de productos secundarios, cerveza y condimentos."
16/03/2026,Atik Ailesi,4400000,CAMPING CON TIENDA TRIÁNGULO AL BORDE DEL acantilado,https://www.youtube.com/watch?v=aqCTwOsvuL0,2200000,32:21:00,1 año,360,"6111,11","Aprendimos sobre materiales de campamento novedoso. Es relajante, al terminar hicieron limpieza del lugar y sacaron basura de otros campamentos antiguos.","Edición Prolija y simple, hay drone.",No se detectaron sponsors
18/03/2026,Ale Temporini,13500,Mix de harina SIN GLUTEN,https://www.youtube.com/watch?v=CoJHJG-S4nE,1200,4:00,7 meses,210,"5,71","Hace mensión a otros videos del canal y promueve la subscripción, promueve sus cursos y enseña la preparación, usa el humor, transformo un error en humor.","Edición Simple y prolija, no se luce el sonido, si hay efectos en las recetas e ingredientes",Sponsors de sus capacitaciones o cursos
18/03/2026,Anita Sin Tacc Cocina,5300,"Que hay en el barrio chino, que sea apto para celiacos",https://www.youtube.com/shorts/SRkqx3vpbdM,990,0:59,1 año,360,"2,75","Alta Velocidad, adecuada para el formato. Esta pensado para convertir y ofrecer otros contenidos, funciona por repetición. ","Formato reel, video corto, edición rápida, voz en off",No se detectaron sponsors
18/03/2026,Sir Chandler,366000,Ezeiza sin gluten - las opciones para celíacos en el aeropuerto más internacional de la Argentina,https://www.youtube.com/watch?v=xRUjDdx1HQg,24000,13:29,3 años,1095,"21,92",Habla de la transformación de Ezeiza para ofrecer gastronomia sin TACC,"Edición Ràpida, para youtube, formato vlog",No se detectaron sponsors
18/03/2026,"Soy Celíaco, No Extraterrestre",528000,Sánguche de Milanesa Sin TACC: ¡El pan NO se rompe y es súper elástico!,https://www.youtube.com/watch?v=iGbRTkkRios,8800,6:19,4 días,4,"2200,00","Alto sanguche!!!! hay tips, promueve muy bien su marca (Brandind), hay una trayectoria, hay merchandasing","Trabajo de edición, recetas, buen sonido","No se detectaron sponsors, claramente vende su marca"
25/03/2026,Rosy Wanderlust,60000,LA HABANA EN LAS CALLES: TENGO MIEDO!! CUBA SE APAGA,https://www.youtube.com/watch?v=Q-b7lY0C7rk,76000,19:27,2 días,2,"38000,00","Video Social sobre actualidad de Cuba, Oportunidad de crear contenido con muy pocos recursos. La creador muestra buen nivel cultural y habla un español muy neutro.",Edición económica y desprolija,No se detectaron sponsors
25/03/2026,Las Rutas de Juan,372000,"Barrio de San telmo (Buenos Aires) , mercado de antiguedades",https://www.youtube.com/watch?v=T03xmM6dGqk,33000,20:00,4 Años,1460,"22,60","Video Inicial. Recorre el lugar con información previa. Son videos videos variados, de interes general, Apto para todo publico, su target es el publico de latinoamerica","Edición económica y rápida de principiante, sin microfono adecuado, Camara de principiante o celular. Los problemas de mic hace que en algunas partes cueste entender y falle el subtitulado automático",No se detectaron sponsors
01/04/2026,Backdoor,5650000,El teniente harina,https://www.youtube.com/watch?v=aIjPhI5LDCU,89000000,3:02,6 Años,1460,"60958,90","Video con humor picante, sobre un policia con adicciones. Este video tiene muchas copias en youtube y otras plataformas, dificultando las metricas","Equipo de filmación completo y profesional, a nivel de una serie de TV",Promocionan su compania de teatro.
06/04/2026,Rama Jutglar,96600,Probé el Tren Más Lujoso de la Unión Soviética,https://www.youtube.com/watch?v=NRlXuAHwTAc,6265,31:09:00,2 horas,"0,1","62650,00","Video de aventuras, viaje en tren lujoso de Moscu a San Petesburgo, Rana Jutglar tiene varios canales en youtube.","Formato vlog, edición tercerizada","No se detectaron sponsors en este video, suele tener auspiciantes"
15/04/2026,Penny Rider,92700,"ASÍ tratan a una ""INFLUENCER"" en un evento de HONDA - Transalp 750 | Mendoza",https://www.youtube.com/watch?v=3hsNsCV96BU,45000,36:10:00,5 meses,150,"300,00",Refuerza la imagen comercial y corporativa de Honda! Muestra que hay influencers con contratos y otros freelance. Transmite sensación de uso del producto. Refleja situación situación emocional personal y el evento la motiva a seguir con ese estilo de vida.,Formatro vlog básico sin elementos extras,Honda
01/06/2026,Un Topo por el mundo,429000,Fuimos en TREN de BUENOS AIRES a SALTA | Tren Solidario,https://www.youtube.com/watch?v=oFVwGdch20k,113000,20:22,3 semanas,21,"5380,95","Viajero Youtuber, Recorre con el tren solidario el viaje de buenos aires a Tucuman",Formatro vlog básico sin elementos extras,HolaFly
01/06/2026,Un Topo por el mundo,429000,El único país de África que habla español (y casi nadie lo sabe) | Guinea Ecuatorial,https://www.youtube.com/watch?v=AtGzuadUFBo&t=1850s,751000,41:41:00,9 meses,270,"2781,48","Viajero Youtuber, Viaja a la isla africana de Anobon",Formatro vlog básico sin elementos extras,HolaFly
01/06/2026,Sebastian Villanueva,365000,ACÁ TERMINA MI VIAJE TRAS RECORRER AMERICA EN MOTO 🇦🇷 | Cap 250,https://www.youtube.com/watch?v=hoReAF3GbLg,170000,45:52:00,7 dias,7,"24285,71","Cierra de viaje a Alaska y retorno a buenos aires, recibimiento en multiitud y conclución final","Formato vlog aventura, con multiplies camaras y drone",Marcas varias del rubro
08/06/2026,Lagu Kita,3920000,Homónimos en inglés 1,https://www.youtube.com/shorts/kZGzlBOAI0s,24689000,0:00:20,39 días,39,"633051,28","Homonimos en Ingles, video viral infantil educativo, tiene enganche en publico adulto",No sabemos si es producto artesanal o IA,No se detectaron sponsors
08/06/2026,Sam and Mel English for Children,95400,Lesson 2 - Sam and Mel English for Children,https://www.youtube.com/watch?v=kYKfqa_zAQ8,1300000,8:27,11 años,4015,"323,79",Conversación en ingles básica,Video de estudio,No se detectaron sponsors
08/06/2026,Kidi Fun,11000000,Les mots composés en anglais 12,https://www.youtube.com/shorts/IkzBH0T2VLc,185000000,0:00:22,7 meses,210,"880952,38","Sustantivos compuestos en Ingles, formato short, video infantil con enganche en publico adulto",Video de estudio,No se detectaron sponsors
10/06/2026,Pablo Imhoff,1640000,Mi indumentaria para motos con bajo presupuesto - Pablo Imhoff,https://www.youtube.com/watch?v=4fjRQ9ZP2SY,216000,13:38,9 años,3285,"65,75",Pablo explica el equipamiento y ropa que utiliza en viaje,Video con camara estática,Sponsor de indumentaria
10/06/2026,Pablo Imhoff,1640000,Cuanto $$$ gano con youtube - Pablo Imhoff,https://www.youtube.com/watch?v=xtWHAlvki-s,250000,11:38,9 años,3285,"76,10",Pablo da tips para hacer y monetizar videos de youtube,Video con camara estática,No se detectaron sponsors
17/06/2026,Gaspi,3090000,GASPI conoce a SEÑORA con PROBLEMAS,https://www.youtube.com/watch?v=P0KGyhVCQdo,6800000,8:10,5 años,1825,"3726,03","Miramos el video, motivados por la muerte del youtuber Gaspi, Llama la atención el lenguaje vulgar y discriminatorio. Claramente es un influencer que logra su exito por medio de contenido polemico.",Videofilamación sencilla,No se detectaron sponsors